<?xml version="1.0" encoding="UTF-8"?>

<beans xmlns="http://www.springframework.org/schema/beans"
	xmlns:xsi="http://www.w3.org/2001/XMLSchema-instance"
	xmlns:context="http://www.springframework.org/schema/context"
	xmlns:p="http://www.springframework.org/schema/p"
	xmlns:tx="http://www.springframework.org/schema/tx"
	xmlns:mvc="http://www.springframework.org/schema/mvc"
	xsi:schemaLocation="http://www.springframework.org/schema/beans
 https://www.springframework.org/schema/beans/spring-beans.xsd
 http://www.springframework.org/schema/context
 https://www.springframework.org/schema/context/spring-context.xsd
  http://www.springframework.org/schema/tx
 https://www.springframework.org/schema/tx/spring-tx.xsd
   http://www.springframework.org/schema/mvc
 https://www.springframework.org/schema/mvc/spring-mvc.xsd">
	<mvc:annotation-driven/>
	<context:annotation-config/>
	<context:component-scan
		base-package="com.spring.mvc"></context:component-scan>
	<bean name="viewResolver"
		class="org.springframework.web.servlet.view.InternalResourceViewResolver">

		<property name="prefix" value="/WEB-INF/view/" />
		<property name="suffix" value=".jsp"></property>

	</bean>

	<mvc:resources location="/WEB-INF/resources/css/"
		mapping="/resources/css/**"></mvc:resources>
	<mvc:resources location="/WEB-INF/resources/js/"
		mapping="/resources/js/**"></mvc:resources>
	<mvc:resources location="/WEB-INF/resources/images/"
		mapping="/resources/images/**"></mvc:resources>

	<bean
		class="org.springframework.orm.jpa.support.PersistenceAnnotationBeanPostProcessor" />

	<bean id="datasource"
		class="org.springframework.jdbc.datasource.DriverManagerDataSource">
		<property name="driverClassName"
			value="com.mysql.cj.jdbc.Driver"></property>
		<property name="url"
			value="jdbc:mysql://localhost:3306/ABCJOBS?autoReconnect=true"></property>
		<property name="username" value="root" />
		<property name="password" value="" />
	</bean>

	<bean id="entityManagerFactory"
		class="org.springframework.orm.jpa.LocalContainerEntityManagerFactoryBean">
		<property name="persistenceUnitName" value="punit"/>
		<property name="dataSource" ref="datasource"/>
		<property name="jpaVendorAdapter">
			<bean
				class="org.springframework.orm.jpa.vendor.HibernateJpaVendorAdapter">
				<property name="showSql" value="true" />
			</bean>
		</property>
		<!-- JPA vendor properties: specific to Hibernate, in our case -->
		<property name="jpaPropertyMap">
			<map>
				<entry key="hibernate.dialect"
					value="org.hibernate.dialect.MySQL5Dialect" />

				<entry key="hibernate.hbm2ddl.auto" value="create"></entry>
				<entry key="hibernate.format_sql" value="true"></entry>
			</map>
		</property>

	</bean>

	<bean id="transactionManager"
		class="org.springframework.orm.jpa.JpaTransactionManager">
		<property name="entityManagerFactory"
			ref="entityManagerFactory"/>
	</bean>
	<tx:annotation-driven />

	<bean id="persistenceExceptionTranslationPostProcessor"
		class="org.springframework.dao.annotation.PersistenceExceptionTranslationPostProcessor" />

<bean class="org.springframework.jdbc.core.JdbcTemplate"
		name="jdbcTemplate" p:dataSource-ref="datasource"/>
		<bean class="org.springframework.orm.hibernate5.HibernateTemplate"
		name="hibernateTemplate">
		<property name="entityManagerFactory" ref="entityManagerFactory"></property>
	</bean>
</beans>
 
