<?xml version="1.0" encoding="UTF-8"?>
<beans xmlns="http://www.springframework.org/schema/beans"
	xmlns:xsi="http://www.w3.org/2001/XMLSchema-instance"
	xmlns:context="http://www.springframework.org/schema/context"
	xmlns:p="http://www.springframework.org/schema/p"
	xmlns:tx="http://www.springframework.org/schema/tx"
	xmlns:mvc="http://www.springframework.org/schema/mvc"
	xsi:schemaLocation="http://www.springframework.org/schema/beans
 https://www.springframework.org/schema/beans/spring-beans.xsd
 http://www.springframework.org/schema/context
 https://www.springframework.org/schema/context/spring-context.xsd
  http://www.springframework.org/schema/tx
 https://www.springframework.org/schema/tx/spring-tx.xsd
   http://www.springframework.org/schema/mvc
 https://www.springframework.org/schema/mvc/spring-mvc.xsd">

	<mvc:annotation-driven />


	<mvc:resources location="/WEB-INF/resources/css/"
		mapping="/resources/css/**"></mvc:resources>
	<mvc:resources location="/WEB-INF/resources/js/"
		mapping="/resources/js/**"></mvc:resources>
	<mvc:resources location="/WEB-INF/resources/images/"
		mapping="/resources/images/**"></mvc:resources>


	<context:component-scan
		base-package="com.spring.mvc"></context:component-scan>

	<bean name="viewResolver"
		class="org.springframework.web.servlet.view.InternalResourceViewResolver">

		<property name="prefix" value="/WEB-INF/view/" />
		<property name="suffix" value=".jsp"></property>

	</bean>

	<bean
		class="org.springframework.jdbc.datasource.DriverManagerDataSource"
		name="ds">
		<property name="driverClassName"
			value="com.mysql.cj.jdbc.Driver" />
		<property name="url"
			value="jdbc:mysql://localhost:3306/ABCJOBS" />
		<property name="username" value="root"/>
		<property name="password" value=""/>
	</bean>





	<bean
		class="org.springframework.orm.hibernate5.LocalSessionFactoryBean"
		name="sessionFactory">
		<!-- data source -->

		<property name="dataSource" ref="ds"></property>

		<!-- hibernateproperties -->

		<property name="hibernateProperties">
			<props>
				<prop key="hibernate.dialect"> org.hibernate.dialect.MySQL57Dialect</prop>
				<prop key="hibernate.show_sql">true</prop>
				<prop key="hibernate.hbm2ddl.auto">update</prop>

			</props>
		</property>
		<property name="annotatedClasses">
			<list>
				<value>com.spring.mvc.model.User</value>
				<value>com.spring.mvc.model.Admin</value>
			<value>com.spring.mvc.model.Threads</value>
			<value>com.spring.mvc.model.Comment</value>
			
			
			
				<value>com.spring.mvc.model.ApplyJob</value>
				<value>com.spring.mvc.model.Jobs</value>
			

			</list>
		</property>

	</bean>
	
	<bean name="MultipartResolver"
		class="org.springframework.web.multipart.commons.CommonsMultipartResolver"></bean>


	<bean
		class="org.springframework.orm.hibernate5.HibernateTransactionManager"
		name="TransactionManager">
		<property name="sessionFactory" ref="sessionFactory"></property>

	</bean>




	<bean id="mailSender"
		class="org.springframework.mail.javamail.JavaMailSenderImpl">
		<property name="host" value="smtp.gmail.com" />
		<property name="username" value="abu053125@gmail.com" />
		<property name="password" value="bhfpgwztbtnamqur" />

		<property name="javaMailProperties">
			<props>
				<prop key="mail.smtp.auth">true</prop>
				<prop key="mail.smtp.socketFactory.port">465</prop>
				<prop key="mail.smtp.socketFactory.class">javax.net.ssl.SSLSocketFactory</prop>
				<prop key="mail.smtp.port">465</prop>
			</props>
		</property>
	</bean>




	<bean class="org.springframework.jdbc.core.JdbcTemplate"
		name="jdbcTemplate" p:dataSource-ref="ds"/>





	<bean class="org.springframework.orm.hibernate5.HibernateTemplate"
		name="hibernateTemplate">
		<property name="sessionFactory" ref="sessionFactory"></property>
	</bean>


	<bean
		class="org.springframework.orm.hibernate5.HibernateTransactionManager"
		name="transactionManager">
		<property name="sessionFactory" ref="sessionFactory"></property>
	</bean>

	<tx:annotation-driven
		transaction-manager="TransactionManager" />
	<bean class="com.spring.mvc.model.User" name="user"></bean>
	<bean class="com.spring.mvc.model.Admin" name="admin"></bean>
	<bean class="com.spring.mvc.dao.UserDAOImpl" name="userDAO"></bean>
	<bean class="com.spring.mvc.dao.ApplicationDAO"
		name="applicationDAO"></bean>

	<bean name="multipartResolver"
		class="org.springframework.web.multipart.commons.CommonsMultipartResolver"></bean>
		
		<bean class="com.spring.mvc.repository.JobRepositoryImpl" name="jobRepository"></bean>
		<bean class="com.spring.mvc.repository.ApplyJobRepositoryImpl" name="applyJobRepository"></bean>
</beans>