<?xml version="1.0" encoding="UTF-8"?>
<beans xmlns="http://www.springframework.org/schema/beans"
	xmlns:xsi="http://www.w3.org/2001/XMLSchema-instance"
	xmlns:context="http://www.springframework.org/schema/context"
	xmlns:p="http://www.springframework.org/schema/p"
	xmlns:tx="http://www.springframework.org/schema/tx"
	xmlns:mvc="http://www.springframework.org/schema/mvc"
	xsi:schemaLocation="http://www.springframework.org/schema/beans
 https://www.springframework.org/schema/beans/spring-beans.xsd
 http://www.springframework.org/schema/context
 https://www.springframework.org/schema/context/spring-context.xsd
  http://www.springframework.org/schema/tx
 https://www.springframework.org/schema/tx/spring-tx.xsd
   http://www.springframework.org/schema/mvc
 https://www.springframework.org/schema/mvc/spring-mvc.xsd">

	<bean
		class=" org.springframework.jdbc.datasource.DriverManagerDataSource"
		id="ds">
		<property name="driverClassName"
			value="com.mysql.jdbc.Driver" />
		<property name="url" value="jdbc:mysql://localhost:3306/ABCJOBS"/>
		<property name="username" value="root"/>
		<property name="password" value=""/>
	</bean>

	<bean class="org.springframework.jdbc.core.JdbcTemplate"
		id="jdbcTemplate">
		<property name="dataSource" ref="ds" />
	</bean>

	<bean id="dao" class="com.spring.mvc.dao.ApplicationDAO">
		<property name="jdbcTemplate" ref="jdbcTemplate"></property>
	</bean>
	<bean id="info" class="com.spring.mvc.model.User"></bean>


</beans>